algorithm,node_count,avg_latency_ms,avg_nodes_expanded,graph_heap_bytes
Dijkstra,100,0.2222,46.7,104472
AStar,100,0.0837,20.7,104472
BidirectionalDijkstra,100,0.0629,13.8,104472
BidirectionalAStar,100,0.1157,16.0,104472
Dijkstra,1000,0.9538,507.4,631072
AStar,1000,0.5709,239.1,631072
BidirectionalDijkstra,1000,0.1793,59.2,631072
BidirectionalAStar,1000,0.2707,66.8,631072
Dijkstra,10000,5.7436,5542.0,6290504
AStar,10000,4.7783,2923.1,6290504
BidirectionalDijkstra,10000,0.8364,240.0,6290504
BidirectionalAStar,10000,1.0268,261.4,6290504
Dijkstra,100000,112.3785,47594.1,63997952
AStar,100000,63.9564,22187.0,63997952
BidirectionalDijkstra,100000,1.4124,574.4,63997952
BidirectionalAStar,100000,1.9902,674.1,63997952
Dijkstra,1000000,1566.3721,431177.3,642372104
AStar,1000000,1096.8792,199644.9,642372104
BidirectionalDijkstra,1000000,5.5206,1864.5,642372104
BidirectionalAStar,1000000,8.9949,1943.6,642372104
