id,name,lat,lon,query,source,retrieved_at
capitol,Capitol Square,43.07470003,-89.38417739,Capitol Square,OpenStreetMap feature geometry,2026-10-03T04:10:49Z
king_st,King St & Main St,43.07466715,-89.38190950,King St & Main St,OpenStreetMap road graph,2026-10-03T04:10:49Z
willy_st,Williamson St,43.08101959,-89.36767765,Williamson Street,OpenStreetMap road graph,2026-10-03T04:10:49Z
john_nolen,John Nolen Dr & Broom St,43.06835980,-89.38478630,John Nolen Dr & Broom St,OpenStreetMap road graph,2026-10-03T04:10:49Z
state_frances,State St & Frances St,43.07487880,-89.39535880,State St & Frances St,OpenStreetMap road graph,2026-10-03T04:10:49Z
state_gilman,State St & Gilman St,43.07484040,-89.39332830,State St & Gilman St,OpenStreetMap road graph,2026-10-03T04:10:49Z
library_mall,Library Mall,43.07540401,-89.39907749,Library Mall,UW–Madison Campus Map,2026-10-03T04:10:49Z
memorial_union,Memorial Union,43.07639489,-89.39986025,Memorial Union,UW–Madison Campus Map,2026-10-03T04:10:49Z
bascom_hill,Bascom Hill,43.07516433,-89.40230302,Bascom Hill,UW–Madison Campus Map,2026-10-03T04:10:49Z
camp_randall,Camp Randall Stadium,43.07002994,-89.41265719,Camp Randall Stadium,UW–Madison Campus Map,2026-10-03T04:10:49Z
regent_park,Regent St & Park St,43.06766000,-89.40096855,Regent St & Park St,OpenStreetMap road graph,2026-10-03T04:10:49Z
monroe_edgewood,Monroe St & Edgewood Ave,43.06235900,-89.42102605,Monroe St & Edgewood Ave,OpenStreetMap road graph,2026-10-03T04:10:49Z
east_wash,East Washington Ave & Blair St,43.07856090,-89.37862377,East Washington Ave & Blair St,OpenStreetMap road graph,2026-10-03T04:10:49Z
tenney_park,Tenney Park,43.09262563,-89.36919790,Tenney Park,City of Madison Parks GIS,2026-10-03T04:10:49Z
atwood_schenks,Atwood Ave & Schenk's Corners,43.09204180,-89.35519760,Atwood Ave & Schenk's Corners,OpenStreetMap road graph,2026-10-03T04:10:49Z
olbrich_gardens,Olbrich Gardens,43.09259440,-89.33444078,Olbrich Botanical Complex,City of Madison Parks GIS,2026-10-03T04:10:49Z
arboretum,UW Arboretum,43.04245408,-89.42448211,UW Arboretum,UW–Madison Campus Map,2026-10-03T04:10:49Z
hilldale,Hilldale,43.0732,-89.4531,"Hilldale, Madison, WI",Nominatim (OpenStreetMap),2026-09-17T18:04:40Z
morgridge_hall,Morgridge Hall,43.07283886,-89.40680526,Morgridge Hall,UW–Madison Campus Map,2026-10-03T04:10:49Z
union_south,Union South,43.07185890,-89.40807964,Union South,UW–Madison Campus Map,2026-10-03T04:10:49Z
kohl_center,Kohl Center,43.06941469,-89.39679860,Kohl Center,UW–Madison Campus Map,2026-10-03T04:10:49Z
engineering_hall,Engineering Mall,43.0748,-89.4107,"Engineering Mall, Madison, WI",Nominatim (OpenStreetMap),2026-09-17T18:04:45Z
grainger_hall,Grainger Hall (Wisconsin School of Business),43.07269207,-89.40152449,Grainger Hall,UW–Madison Campus Map,2026-10-03T04:10:49Z
chazen_museum,Chazen Museum of Art,43.07387599,-89.39868453,Chazen Museum of Art,UW–Madison Campus Map,2026-10-03T04:10:49Z
college_library,College Library (Helen C. White Hall),43.07671071,-89.40137527,College Library,UW–Madison Campus Map,2026-10-03T04:10:49Z
witte_hall,Witte Residence Hall,43.07158146,-89.39692443,Witte Residence Hall,UW–Madison Campus Map,2026-10-03T04:10:49Z
sellery_hall,Sellery Residence Hall,43.07160178,-89.39992001,Sellery Residence Hall,UW–Madison Campus Map,2026-10-03T04:10:49Z
ogg_hall,Ogg Residence Hall,43.07059712,-89.40015541,Ogg Residence Hall,UW–Madison Campus Map,2026-10-03T04:10:49Z
chadbourne_hall,Chadbourne Residential College,43.07371766,-89.40102679,Chadbourne Residence Hall,UW–Madison Campus Map,2026-10-03T04:10:49Z
memorial_library,Memorial Library,43.07535143,-89.39795764,Memorial Library,UW–Madison Campus Map,2026-10-03T04:10:49Z
humanities_building,Humanities Building,43.07417599,-89.40006296,Humanities Building,UW–Madison Campus Map,2026-10-03T04:10:49Z
social_sciences,Social Science Building,43.07654505,-89.40529211,Sewell Social Sciences,UW–Madison Campus Map,2026-10-03T04:10:49Z
education_building,Education Building,43.07575897,-89.40230497,Education Building,UW–Madison Campus Map,2026-10-03T04:10:49Z
van_hise_hall,Van Hise Hall,43.07557334,-89.40679070,Van Hise Hall,UW–Madison Campus Map,2026-10-03T04:10:49Z
science_hall,Science Hall,43.07588268,-89.40114643,Science Hall,UW–Madison Campus Map,2026-10-03T04:10:49Z
van_vleck_hall,Van Vleck Hall,43.07481496,-89.40495453,Van Vleck Hall,UW–Madison Campus Map,2026-10-03T04:10:49Z
discovery_building,Wisconsin Institutes for Discovery,43.07290169,-89.40805057,Discovery Building,UW–Madison Campus Map,2026-10-03T04:10:49Z
nicholas_rec,Nicholas Recreation Center,43.07052804,-89.39825130,Nicholas Recreation Center,UW–Madison Campus Map,2026-10-03T04:10:49Z
dejope_hall,Dejope Residence Hall,43.07776841,-89.41780553,Dejope Residence Hall,UW–Madison Campus Map,2026-10-03T04:10:49Z
atmosphere_apts,Atmosphere Madison,43.0684,-89.3973,"Atmosphere Madison, Madison, WI",Nominatim (OpenStreetMap),2026-09-17T18:05:08Z
x01_apts,X01,43.0729,-89.4027,"X01, Madison, WI",Nominatim (OpenStreetMap),2026-09-17T18:05:10Z
lucky_apts,Lucky Apartments,43.073,-89.398,"777 University Avenue, Madison, WI",Nominatim (OpenStreetMap),2026-09-17T18:05:11Z
red_gym,Red Gym,43.07637109,-89.39856075,Armory and Gymnasium,UW–Madison Campus Map,2026-10-03T04:10:49Z
vilas_hall,Vilas Hall,43.07264995,-89.39987398,Vilas Hall,UW–Madison Campus Map,2026-10-03T04:10:49Z
target_state_st,Target (State St),43.0752,-89.396,"Target, State Street, Madison, WI",Nominatim (OpenStreetMap),2026-09-17T18:05:15Z
chipotle_state_st,Chipotle (State St),43.0752,-89.3966,"Chipotle Mexican Grill, State Street, Madison, WI",Nominatim (OpenStreetMap),2026-09-17T18:05:16Z
popeyes_state_st,Popeyes (State St),43.0751,-89.3964,"Popeyes, State Street, Madison, WI",Nominatim (OpenStreetMap),2026-09-17T18:05:18Z
ians_pizza,Ian's Pizza (State St),43.0749,-89.3871,"Ian's Pizza on State, Madison, WI",Nominatim (OpenStreetMap),2026-09-17T18:05:19Z
middleton_building,Middleton Building,43.07478206,-89.40819071,Middleton Building,UW–Madison Campus Map,2026-10-03T04:10:49Z
vilas_zoo,Henry Vilas Zoo,43.05957432,-89.41011718,Vilas (Henry) Zoo,City of Madison Parks GIS,2026-10-03T04:10:49Z
elizabeth_waters,Elizabeth Waters Residence Hall,43.07694933,-89.40694323,Elizabeth Waters Residence Hall,UW–Madison Campus Map,2026-10-03T04:10:49Z
slichter_hall,Slichter Residence Hall,43.07714209,-89.41223560,Slichter Residence Hall,UW–Madison Campus Map,2026-10-03T04:10:49Z
kronshage_halls,Kronshage Residence Halls,43.07805728,-89.41451669,Kronshage Residence Halls,UW–Madison Campus Map,2026-10-03T04:10:49Z
bradley_hall,Bradley Residence Hall,43.07794411,-89.41650877,Bradley Residence Hall,UW–Madison Campus Map,2026-10-03T04:10:49Z
bakke_rec_center,Bakke Recreation & Wellbeing Center,43.07703730,-89.41997976,Bakke Recreation & Wellbeing Center,UW–Madison Campus Map,2026-10-03T04:10:49Z
lakeshore_preserve,Lakeshore Nature Preserve,43.08519632,-89.42988321,Lakeshore Nature Preserve,OpenStreetMap feature geometry,2026-10-03T04:10:49Z
eagle_heights,Eagle Heights,43.08744481,-89.43695068,Eagle Heights,UW–Madison Campus Map,2026-10-03T04:10:49Z
