from,to,walkMiles,driveMiles,hasSteps,maxInclinePercent,accessibleMiles,busRoute
capitol,king_st,0.125,0.437,true,0.0,0.162,
king_st,capitol,0.125,0.294,true,0.0,0.162,
capitol,state_frances,0.574,0.786,true,0.0,0.609,Route A
state_frances,capitol,0.574,0.783,true,0.0,0.609,Route A
capitol,john_nolen,0.5,0.717,true,0.0,0.538,
king_st,willy_st,0.872,0.872,false,0.0,0.872,Route C
willy_st,king_st,0.872,0.872,false,0.0,0.872,Route C
willy_st,capitol,0.996,1.166,true,0.0,1.031,
state_frances,state_gilman,0.103,0.389,false,0.0,0.103,Route A
state_gilman,state_frances,0.103,0.389,false,0.0,0.103,Route A
state_gilman,library_mall,0.315,0.529,false,0.0,0.315,Route A
library_mall,state_gilman,0.315,0.529,false,0.0,0.315,Route A
library_mall,memorial_union,0.164,0.125,true,0.0,,
memorial_union,library_mall,0.164,0.125,true,0.0,,
library_mall,regent_park,0.608,0.664,true,0.0,0.608,
regent_park,library_mall,0.608,0.664,true,0.0,0.608,
memorial_union,bascom_hill,0.279,0.212,true,0.0,,
bascom_hill,memorial_union,0.279,0.212,true,0.0,,
bascom_hill,camp_randall,0.912,1.006,true,0.0,0.912,
camp_randall,regent_park,0.815,0.821,false,0.0,0.815,
regent_park,camp_randall,0.815,0.823,false,0.0,0.815,
camp_randall,monroe_edgewood,0.71,0.706,false,0.0,0.71,Route D
monroe_edgewood,camp_randall,0.71,0.706,false,0.0,0.71,Route D
regent_park,monroe_edgewood,1.159,1.159,false,0.0,1.159,
monroe_edgewood,regent_park,1.159,1.159,false,0.0,1.159,
regent_park,john_nolen,0.982,1.004,false,0.0,0.982,
john_nolen,regent_park,0.982,1.017,false,0.0,0.982,
john_nolen,capitol,0.5,0.824,true,0.0,0.538,
king_st,east_wash,0.37,0.391,false,0.0,0.37,Route L
east_wash,king_st,0.37,0.382,false,0.0,0.37,Route L
east_wash,tenney_park,1.34,1.51,false,0.0,1.34,
tenney_park,east_wash,1.34,1.521,false,0.0,1.34,
willy_st,tenney_park,1.079,1.331,false,0.0,1.079,
tenney_park,willy_st,1.079,1.388,false,0.0,1.079,
east_wash,atwood_schenks,1.63,1.694,false,0.0,1.63,Route L
atwood_schenks,olbrich_gardens,1.19,1.158,false,0.0,1.19,Route 38
olbrich_gardens,atwood_schenks,1.19,1.137,false,0.0,1.19,Route 38
olbrich_gardens,tenney_park,2.136,2.543,false,0.0,2.136,
monroe_edgewood,arboretum,2.818,3.022,false,0.0,2.818,
arboretum,monroe_edgewood,2.818,3.019,false,0.0,2.818,
bascom_hill,hilldale,2.827,2.939,true,0.0,2.827,
hilldale,bascom_hill,2.827,3.045,true,0.0,2.827,
bascom_hill,morgridge_hall,0.421,0.472,true,0.0,0.421,
morgridge_hall,bascom_hill,0.421,0.632,true,0.0,0.421,
camp_randall,union_south,0.388,0.557,true,0.0,0.393,
union_south,camp_randall,0.388,0.796,true,0.0,0.393,
camp_randall,kohl_center,1.057,1.314,true,0.0,1.076,
kohl_center,camp_randall,1.057,1.308,true,0.0,1.076,
union_south,engineering_hall,0.306,0.634,true,0.0,0.323,
engineering_hall,union_south,0.306,0.669,true,0.0,0.323,
state_frances,grainger_hall,0.454,0.603,false,0.0,0.454,Route A
grainger_hall,state_frances,0.454,0.712,false,0.0,0.454,Route A
state_gilman,chazen_museum,0.345,0.605,false,0.0,0.345,Route A
chazen_museum,state_gilman,0.345,0.446,false,0.0,0.345,Route A
memorial_union,college_library,0.184,0.084,true,0.0,,
college_library,memorial_union,0.184,0.084,true,0.0,,
witte_hall,sellery_hall,0.282,0.465,false,0.0,0.282,Route B
sellery_hall,witte_hall,0.282,0.281,false,0.0,0.282,Route B
witte_hall,ogg_hall,0.239,,false,0.0,0.239,Route B
ogg_hall,witte_hall,0.239,,false,0.0,0.239,Route B
bascom_hill,chadbourne_hall,0.189,0.445,true,0.0,0.189,
chadbourne_hall,bascom_hill,0.189,0.654,true,0.0,0.189,
bascom_hill,social_sciences,0.257,0.242,false,0.0,0.257,
social_sciences,bascom_hill,0.257,0.242,false,0.0,0.257,
morgridge_hall,education_building,0.456,0.595,true,0.0,0.533,
education_building,morgridge_hall,0.456,0.435,true,0.0,0.533,
state_frances,memorial_library,0.136,0.17,false,0.0,0.136,Route A
memorial_library,state_frances,0.136,0.17,false,0.0,0.136,Route A
memorial_library,humanities_building,0.162,0.313,false,0.0,0.162,
humanities_building,memorial_library,0.162,0.313,false,0.0,0.162,
memorial_library,science_hall,0.28,0.3,true,0.0,0.28,
science_hall,memorial_library,0.28,0.3,true,0.0,0.28,
college_library,van_hise_hall,0.351,0.551,true,0.0,0.399,
van_hise_hall,college_library,0.351,0.551,true,0.0,0.399,
college_library,van_vleck_hall,0.305,0.526,true,0.0,0.322,
van_vleck_hall,college_library,0.305,0.526,true,0.0,0.322,
engineering_hall,discovery_building,0.223,0.615,true,0.0,0.24,
discovery_building,engineering_hall,0.223,0.688,true,0.0,0.24,
union_south,nicholas_rec,0.594,0.673,false,0.0,0.594,
nicholas_rec,union_south,0.594,0.848,false,0.0,0.594,
camp_randall,atmosphere_apts,0.999,1.062,false,0.0,0.999,
atmosphere_apts,camp_randall,0.999,1.06,false,0.0,0.999,
kohl_center,x01_apts,0.545,0.578,true,0.0,0.565,
x01_apts,kohl_center,0.545,0.578,true,0.0,0.565,
grainger_hall,lucky_apts,0.226,0.405,false,0.0,0.226,
lucky_apts,grainger_hall,0.226,0.28,false,0.0,0.226,
library_mall,red_gym,0.096,0.072,false,0.0,0.096,
red_gym,library_mall,0.096,0.072,false,0.0,0.096,
grainger_hall,vilas_hall,0.164,0.205,true,0.0,,
vilas_hall,grainger_hall,0.164,0.159,true,0.0,,
state_frances,target_state_st,0.042,0.039,false,0.0,0.042,Route A
target_state_st,state_frances,0.042,0.039,false,0.0,0.042,Route A
state_frances,chipotle_state_st,0.086,0.135,false,0.0,0.086,Route A
chipotle_state_st,state_frances,0.086,0.135,false,0.0,0.086,Route A
state_frances,popeyes_state_st,0.06,0.11,false,0.0,0.06,Route A
popeyes_state_st,state_frances,0.06,0.11,false,0.0,0.06,Route A
capitol,ians_pizza,0.167,0.238,true,0.0,0.202,Route A
ians_pizza,capitol,0.167,0.176,true,0.0,0.202,Route A
van_hise_hall,middleton_building,0.188,0.09,false,0.0,0.188,
middleton_building,van_hise_hall,0.188,0.09,false,0.0,0.188,
camp_randall,vilas_zoo,0.945,0.948,false,0.0,0.945,
vilas_zoo,camp_randall,0.945,0.932,false,0.0,0.945,
bascom_hill,elizabeth_waters,0.331,0.27,true,0.0,,
elizabeth_waters,bascom_hill,0.331,0.27,true,0.0,,
library_mall,witte_hall,0.46,0.483,false,0.0,0.46,Route B
witte_hall,library_mall,0.46,0.484,false,0.0,0.46,Route B
memorial_union,elizabeth_waters,0.486,0.393,true,0.0,,Route 80
elizabeth_waters,memorial_union,0.486,0.393,true,0.0,,Route 80
elizabeth_waters,slichter_hall,0.316,0.472,true,0.0,,Route 80
slichter_hall,elizabeth_waters,0.316,0.472,true,0.0,,Route 80
slichter_hall,kronshage_halls,0.131,0.131,false,0.0,0.124,Route 80
kronshage_halls,slichter_hall,0.131,0.131,false,0.0,0.124,Route 80
kronshage_halls,bradley_hall,0.16,0.438,false,0.0,0.16,
bradley_hall,kronshage_halls,0.16,0.438,false,0.0,0.16,
kronshage_halls,dejope_hall,0.224,0.645,false,0.0,0.224,
dejope_hall,kronshage_halls,0.224,0.645,false,0.0,0.224,
dejope_hall,bakke_rec_center,0.187,0.171,false,0.0,0.187,
bakke_rec_center,dejope_hall,0.187,0.171,false,0.0,0.187,
bakke_rec_center,lakeshore_preserve,0.831,1.161,false,0.0,0.831,Route 80
lakeshore_preserve,bakke_rec_center,0.831,1.201,false,0.0,0.831,Route 80
lakeshore_preserve,eagle_heights,0.526,0.701,true,0.0,0.527,Route 80
eagle_heights,lakeshore_preserve,0.526,0.701,true,0.0,0.527,Route 80
kohl_center,witte_hall,0.202,0.188,false,0.0,0.202,
witte_hall,kohl_center,0.202,0.188,false,0.0,0.202,
discovery_building,morgridge_hall,0.097,0.301,false,0.0,0.097,
morgridge_hall,discovery_building,0.097,0.453,false,0.0,0.097,
x01_apts,chadbourne_hall,0.152,0.262,false,0.0,0.152,
chadbourne_hall,x01_apts,0.152,0.102,false,0.0,0.152,
chadbourne_hall,humanities_building,0.141,0.391,false,0.0,0.141,
humanities_building,chadbourne_hall,0.141,0.1,false,0.0,0.141,
humanities_building,chazen_museum,0.075,0.453,false,0.0,0.075,
chazen_museum,humanities_building,0.075,0.328,false,0.0,0.075,
chazen_museum,lucky_apts,0.131,0.11,false,0.0,0.131,
lucky_apts,chazen_museum,0.131,0.59,false,0.0,0.131,
lucky_apts,vilas_hall,0.134,0.296,true,0.0,,
vilas_hall,lucky_apts,0.134,0.374,true,0.0,,
education_building,science_hall,0.097,0.157,true,0.0,0.097,
science_hall,education_building,0.097,0.157,true,0.0,0.097,
van_vleck_hall,bascom_hill,0.16,0.319,false,0.0,0.16,
bascom_hill,van_vleck_hall,0.16,0.319,false,0.0,0.16,
nicholas_rec,witte_hall,0.261,0.244,false,0.0,0.261,
witte_hall,nicholas_rec,0.261,0.244,false,0.0,0.261,
atmosphere_apts,kohl_center,0.364,0.624,false,0.0,0.364,
kohl_center,atmosphere_apts,0.364,0.534,false,0.0,0.364,
middleton_building,union_south,0.445,0.533,true,0.0,0.516,
union_south,middleton_building,0.445,0.434,true,0.0,0.516,
grainger_hall,sellery_hall,0.196,0.22,false,0.0,0.196,
sellery_hall,grainger_hall,0.196,0.503,false,0.0,0.196,
education_building,college_library,0.124,0.259,true,0.0,0.124,
college_library,education_building,0.124,0.259,true,0.0,0.124,
science_hall,college_library,0.099,0.166,false,0.0,0.099,
college_library,science_hall,0.099,0.166,false,0.0,0.099,
red_gym,science_hall,0.209,0.224,true,0.0,0.209,
science_hall,red_gym,0.209,0.224,true,0.0,0.209,
grainger_hall,regent_park,0.454,0.453,false,0.0,0.454,
regent_park,grainger_hall,0.454,0.462,false,0.0,0.454,
ogg_hall,regent_park,0.252,,false,0.0,0.252,
regent_park,ogg_hall,0.252,,false,0.0,0.252,
middleton_building,slichter_hall,0.44,0.483,true,0.0,0.446,
slichter_hall,middleton_building,0.44,0.483,true,0.0,0.446,
van_hise_hall,grainger_hall,0.399,0.506,true,0.0,0.409,
grainger_hall,van_hise_hall,0.399,0.412,true,0.0,0.409,
x01_apts,vilas_hall,0.201,0.196,true,0.0,,
vilas_hall,x01_apts,0.201,0.15,true,0.0,,
nicholas_rec,ogg_hall,0.158,,false,0.0,0.158,
ogg_hall,nicholas_rec,0.158,,false,0.0,0.158,
ogg_hall,sellery_hall,0.13,,false,0.0,0.13,
sellery_hall,ogg_hall,0.13,,false,0.0,0.13,
grainger_hall,x01_apts,0.061,0.061,false,0.0,0.057,
x01_apts,grainger_hall,0.061,0.061,false,0.0,0.057,
red_gym,memorial_library,0.181,0.142,false,0.0,0.181,
memorial_library,red_gym,0.181,0.142,false,0.0,0.181,
library_mall,memorial_library,0.086,0.109,false,0.0,0.086,
memorial_library,library_mall,0.086,0.109,false,0.0,0.086,
social_sciences,elizabeth_waters,0.118,0.088,true,0.0,,
elizabeth_waters,social_sciences,0.118,0.088,true,0.0,,
discovery_building,union_south,0.11,0.072,false,0.0,0.11,
union_south,discovery_building,0.11,0.393,false,0.0,0.11,
middleton_building,engineering_hall,0.25,0.354,true,0.0,0.268,
engineering_hall,middleton_building,0.25,0.354,true,0.0,0.268,
witte_hall,lucky_apts,0.235,0.238,false,0.0,0.235,
lucky_apts,witte_hall,0.235,0.554,false,0.0,0.235,
bascom_hill,education_building,0.112,0.041,true,0.0,0.112,
education_building,bascom_hill,0.112,0.041,true,0.0,0.112,
elizabeth_waters,van_hise_hall,0.187,0.204,true,0.0,,
van_hise_hall,elizabeth_waters,0.187,0.204,true,0.0,,
chazen_museum,library_mall,0.126,0.249,false,0.0,0.126,
library_mall,chazen_museum,0.126,0.249,false,0.0,0.126,
kohl_center,nicholas_rec,0.232,0.282,true,0.0,0.314,
nicholas_rec,kohl_center,0.232,0.282,true,0.0,0.314,
social_sciences,van_hise_hall,0.113,0.176,false,0.0,0.113,
van_hise_hall,social_sciences,0.113,0.176,false,0.0,0.113,
humanities_building,science_hall,0.239,0.215,true,0.0,0.239,
science_hall,humanities_building,0.239,0.215,true,0.0,0.239,
ogg_hall,vilas_hall,0.22,,true,0.0,,
vilas_hall,ogg_hall,0.22,,true,0.0,,
chadbourne_hall,science_hall,0.247,0.606,false,0.0,0.247,
science_hall,chadbourne_hall,0.247,0.315,false,0.0,0.247,
bascom_hill,van_hise_hall,0.237,0.343,false,0.0,0.237,
van_hise_hall,bascom_hill,0.237,0.343,false,0.0,0.237,
ians_pizza,state_gilman,0.314,0.462,false,0.0,0.313,
state_gilman,ians_pizza,0.314,0.463,false,0.0,0.313,
chipotle_state_st,lucky_apts,0.181,0.248,false,0.0,0.181,
lucky_apts,chipotle_state_st,0.181,0.558,false,0.0,0.181,
van_hise_hall,van_vleck_hall,0.139,0.111,true,0.0,0.139,
van_vleck_hall,van_hise_hall,0.139,0.111,true,0.0,0.139,
engineering_hall,slichter_hall,0.243,0.278,true,0.0,0.256,
slichter_hall,engineering_hall,0.243,0.278,true,0.0,0.256,
atmosphere_apts,regent_park,0.225,0.236,false,0.0,0.225,
regent_park,atmosphere_apts,0.225,0.241,false,0.0,0.225,
middleton_building,morgridge_hall,0.336,0.334,false,0.0,0.336,
morgridge_hall,middleton_building,0.336,0.494,false,0.0,0.336,
